{"name":"9ca31b82-f976-44ed-9e38-5ae53c304d89","id":"/providers/Microsoft.Flow/flows/9ca31b82-f976-44ed-9e38-5ae53c304d89","type":"Microsoft.Flow/flows","properties":{"apiId":"/providers/Microsoft.PowerApps/apis/shared_logicflows","displayName":"PROD/RSS削除","definition":{"metadata":{"workflowEntityId":null,"processAdvisorMetadata":null,"flowChargedByPaygo":null,"flowclientsuspensionreason":"None","flowclientsuspensiontime":null,"flowclientsuspensionreasondetails":null,"creator":{"id":"4a3b16d5-6b6c-4296-81fe-4993141b3e8c","type":"User","tenantId":"c56516aa-b757-4adf-ae84-3228abeb8351"},"provisioningMethod":"FromDefinition","failureAlertSubscription":true,"clientLastModifiedTime":"2023-04-15T00:38:46.5671638Z"},"$schema":"https://schema.management.azure.com/providers/Microsoft.Logic/schemas/2016-06-01/workflowdefinition.json#","contentVersion":"1.0.0.0","parameters":{"$connections":{"defaultValue":{},"type":"Object"},"$authentication":{"defaultValue":{},"type":"SecureObject"}},"triggers":{"Recurrence":{"recurrence":{"frequency":"Day","interval":1,"startTime":"2023-04-12T18:00:00.000Z"},"metadata":{"operationMetadataId":"b8daba93-2f4f-4960-b1d4-f047f749adff"},"type":"Recurrence"}},"actions":{"複数の項目の取得":{"runAfter":{},"metadata":{"operationMetadataId":"2810af70-f9b4-40fa-b738-4d77705cd188"},"type":"OpenApiConnection","inputs":{"host":{"apiId":"/providers/Microsoft.PowerApps/apis/shared_sharepointonline","connectionName":"shared_sharepointonline","operationId":"GetItems"},"parameters":{"dataset":"https://industryone01.sharepoint.com/sites/xio","table":"9c748cd0-4bde-480e-85c3-1b3980d36c57","$filter":"publisheddate lt '@{addHours(utcNow(), -7)}'"},"authentication":"@parameters('$authentication')"}},"Apply_to_each":{"foreach":"@outputs('複数の項目の取得')?['body/value']","actions":{"項目の削除":{"runAfter":{},"metadata":{"operationMetadataId":"7dd20b7d-0abb-4b86-a2ea-fd42a2e29226"},"type":"OpenApiConnection","inputs":{"host":{"apiId":"/providers/Microsoft.PowerApps/apis/shared_sharepointonline","connectionName":"shared_sharepointonline","operationId":"DeleteItem"},"parameters":{"dataset":"https://industryone01.sharepoint.com/sites/xio","table":"9c748cd0-4bde-480e-85c3-1b3980d36c57","id":"@items('Apply_to_each')?['ID']"},"authentication":"@parameters('$authentication')"}}},"runAfter":{"複数の項目の取得":["Succeeded"]},"metadata":{"operationMetadataId":"6d29351b-761e-407f-9a02-bae6e7beaf21"},"type":"Foreach"}},"description":"RSS News Cacheから1週間以上前の記事を削除します。"},"connectionReferences":{"shared_sharepointonline":{"connectionName":"shared-sharepointonl-0571c2fe-f64d-4207-992a-ed1739875bdb","source":"Embedded","id":"/providers/Microsoft.PowerApps/apis/shared_sharepointonline","tier":"NotSpecified"}},"flowFailureAlertSubscribed":false,"isManaged":false}}